{"cameraMode":{"drawMode":0,"name":"Shaded","section":"Shading Mode"},"sceneLighting":true,"audioPlay":false,"sceneViewState":{"showFog":true,"showMaterialUpdate":false,"showSkybox":true,"showFlares":true,"showImageEffects":true,"showParticleSystems":true},"in2DMode":false,"pivot":{"x":0.9598482847213745,"y":-2.6212196350097658,"z":4.514945030212402},"rotation":{"x":-0.20289246737957,"y":0.003522515296936035,"z":-0.0007284235907718539,"w":-0.9792066216468811},"size":14.777103424072266,"orthographic":false}